{
  "dataset": "video_games",
  "raw_reviews": 4624615,
  "after_drop_invalid": 4624615,
  "after_dedup": 4555500,
  "after_kcore": 814586,
  "users_before": 2766656,
  "users_after": 94762,
  "items_before": 137249,
  "items_after": 25612,
  "min_user_interactions_after": 5,
  "min_item_interactions_after": 5,
  "train_interactions": 656373,
  "test_interactions": 158213,
  "sparsity_before": 0.999988003026519,
  "sparsity_after": 0.9996643711920576,
  "rating_hist_before": {"1.0": 579964, "2.0": 246335, "3.0": 335228, "4.0": 608233, "5.0": 2785740},
  "rating_hist_after": {"1.0": 52541, "2.0": 36820, "3.0": 70350, "4.0": 134790, "5.0": 520085},
  "pct_relevant_after": 0.8039359871149271,
  "k_core_applied": 5,
  "test_items_not_in_train": 52,
  "metadata_items": 25612,
  "metadata_missingness": {"price_missing": 0.3311338435108543, "average_rating_missing": 0.0, "rating_number_missing": 0.0}
}
